Director,Genre,Runtime
Aamir Khan,"Drama, Family",165 min
Aaron Sorkin,"Drama, History, Thriller",129 min
Abdellatif Kechiche,"Drama, Romance",180 min
Abhishek Chaubey,"Action, Crime, Drama",148 min
Abhishek Kapoor,"Drama, Sport",130 min
Adam Elliot,"Animation, Comedy, Drama",92 min
Adam McKay,"Biography, Comedy, Drama",130 min
Aditya Chopra,"Drama, Romance",189 min
Aditya Dhar,"Action, Drama, War",138 min
Akira Kurosawa,"Action, Adventure, Drama",207 min
Akira Kurosawa,"Action, Comedy, Crime",96 min
Akira Kurosawa,"Action, Drama, Thriller",110 min
Akira Kurosawa,"Action, Drama, War",162 min
Akira Kurosawa,"Adventure, Drama",139 min
Akira Kurosawa,"Crime, Drama, Mystery",143 min88 min
Akira Kurosawa,Drama,143 min
Akira Kurosawa,"Drama, History",110 min
Akira Kurosawa,"Drama, History, War",180 min
Alain Resnais,"Drama, Romance",90 min
Alan J. Pakula,"Biography, Drama, History",138 min
Alan Parker,"Biography, Crime, Drama",121 min
Alan Parker,"Crime, Drama, History",128 min
Alan Parker,"Drama, Fantasy, Music",95 min
Alejandro Amenábar,"Biography, Drama",126 min
Alejandro Amenábar,"Drama, Mystery, Sci-Fi",119 min
Alejandro Amenábar,"Horror, Mystery, Thriller",101 min
Alejandro G. Iñárritu,"Action, Adventure, Drama",156 min
Alejandro G. Iñárritu,"Comedy, Drama",119 min
Alejandro G. Iñárritu,"Crime, Drama, Thriller",124 min
Alejandro G. Iñárritu,"Drama, Thriller",154 min
Alejandro Jodorowsky,"Adventure, Drama, Fantasy",114 min
Alex Garland,"Drama, Sci-Fi, Thriller",108 min
Alex Proyas,"Mystery, Sci-Fi, Thriller",100 min
Alexander Mackendrick,"Comedy, Crime",91 min
Alexander Mackendrick,"Drama, Film-Noir",96 min
Alexander Payne,"Adventure, Comedy, Drama",115 min
Alfonso Cuarón,"Adventure, Drama, Sci-Fi",109 min
Alfonso Cuarón,"Adventure, Family, Fantasy",142 min
Alfonso Cuarón,Drama,135 min106 min
Alfonso Cuarón,"Drama, Family, Fantasy",97 min
Alfonso Cuarón,"Drama, Sci-Fi, Thriller",91 min
Alfonso Gomez-Rejon,"Comedy, Drama",105 min
Alfred Hitchcock,"Adventure, Mystery, Thriller",136 min
Alfred Hitchcock,"Crime, Drama, Mystery",80 min
Alfred Hitchcock,"Crime, Film-Noir, Thriller",101 min
Alfred Hitchcock,"Crime, Mystery, Thriller",86 min
Alfred Hitchcock,"Crime, Thriller",105 min
Alfred Hitchcock,"Drama, Film-Noir, Romance",102 min
Alfred Hitchcock,"Drama, Horror, Mystery",119 min
Alfred Hitchcock,"Drama, Mystery, Romance",130 min
Alfred Hitchcock,"Drama, War",97 min
Alfred Hitchcock,"Film-Noir, Thriller",108 min
Alfred Hitchcock,"Horror, Mystery, Thriller",109 min
Alfred Hitchcock,"Mystery, Romance, Thriller",128 min
Alfred Hitchcock,"Mystery, Thriller",112 min96 min
Amit Ravindernath Sharma,"Comedy, Drama",124 min
Anders Thomas Jensen,"Comedy, Crime, Drama",94 min
Andrei Tarkovsky,"Biography, Drama",107 min
Andrei Tarkovsky,"Biography, Drama, History",205 min
Andrei Tarkovsky,"Drama, Mystery, Sci-Fi",167 min
Andrei Tarkovsky,"Drama, Sci-Fi",162 min
Andrei Tarkovsky,"Drama, War",95 min
Andrew Adamson,"Animation, Adventure, Comedy",90 min
Andrew Davis,"Action, Crime, Drama",130 min
Andrew Lau,"Action, Crime, Drama",101 min
Andrew Niccol,"Action, Crime, Drama",122 min
Andrew Niccol,"Drama, Sci-Fi, Thriller",106 min
Andrew Stanton,"Animation, Adventure, Comedy",100 min
Andrew Stanton,"Animation, Adventure, Family",98 min
Andrey Zvyagintsev,"Crime, Drama",140 min
Andrey Zvyagintsev,Drama,110 min127 min
Aneesh Chaganty,"Drama, Mystery, Thriller",102 min
Ang Lee,"Action, Adventure, Fantasy",120 min
Ang Lee,"Adventure, Drama, Fantasy",127 min
Ang Lee,"Drama, Romance",134 min136 min
Aniruddha Roy Chowdhury,"Drama, Thriller",136 min
Anthony Harvey,"Biography, Drama, History",134 min
Anthony Russo,"Action, Adventure, Drama",181 min
Anthony Russo,"Action, Adventure, Sci-Fi",149 min147 min136 min
Antoine Fuqua,"Crime, Drama, Thriller",122 min
Anton Corbijn,"Biography, Drama, Music",122 min
Anurag Basu,"Comedy, Drama, Romance",151 min
Anurag Kashyap,"Action, Comedy, Crime",321 min
Anurag Kashyap,"Drama, Romance",144 min
Arthur Penn,"Action, Biography, Crime",111 min
Asghar Farhadi,Drama,123 min124 min
Asghar Farhadi,"Drama, Mystery",119 min130 min
Ashutosh Gowariker,"Adventure, Drama, Musical",224 min
Ashutosh Gowariker,Drama,210 min
Barry Levinson,"Crime, Drama, Thriller",147 min
Barry Levinson,Drama,133 min
Ben Affleck,"Biography, Drama, Thriller",120 min
Ben Affleck,"Crime, Drama, Mystery",114 min
Bennett Miller,"Biography, Drama, Sport",133 min
Bernardo Bertolucci,"Biography, Drama, History",163 min
Bernardo Bertolucci,Drama,113 min
Billy Bob Thornton,Drama,135 min
Billy Wilder,"Comedy, Drama, Romance",125 min113 min
Billy Wilder,"Comedy, Drama, War",120 min
Billy Wilder,"Comedy, Music, Romance",121 min
Billy Wilder,"Crime, Drama, Film-Noir",107 min
Billy Wilder,"Crime, Drama, Mystery",116 min
Billy Wilder,"Drama, Film-Noir",110 min111 min101 min
Blake Edwards,"Comedy, Drama, Romance",115 min
Boaz Yakin,"Biography, Drama, Sport",113 min
Bob Clark,"Comedy, Family",93 min
Bob Fosse,"Drama, Music, Musical",123 min124 min
Bob Gale,"Adventure, Comedy, Drama",116 min
Bob Persichetti,"Animation, Action, Adventure",117 min
Bong Joon Ho,"Comedy, Drama, Thriller",132 min
Bong Joon Ho,"Crime, Drama, Mystery",131 min129 min
Brad Anderson,"Drama, Thriller",101 min
Brad Bird,"Animation, Action, Adventure",115 min86 min118 min
Brad Bird,"Animation, Adventure, Comedy",111 min
Bradley Cooper,"Drama, Music, Romance",136 min
Brian De Palma,"Crime, Drama",170 min
Brian De Palma,"Crime, Drama, Thriller",144 min119 min
Brian G. Hutton,"Action, Adventure, War",158 min
Brian G. Hutton,"Adventure, Comedy, War",144 min
Brian Henson,"Comedy, Drama, Family",85 min
Bruce Robinson,"Comedy, Drama",107 min
Bryan Singer,"Action, Adventure, Sci-Fi",132 min
Bryan Singer,"Biography, Drama, Music",134 min
Bryan Singer,"Crime, Mystery, Thriller",106 min
Buster Keaton,"Action, Comedy, Romance",45 min
Byron Howard,"Animation, Adventure, Comedy",108 min
Cameron Crowe,"Adventure, Comedy, Drama",122 min
Can Ulkay,"Biography, Drama, History",125 min
Carl Theodor Dreyer,"Biography, Drama, History",110 min
Carol Reed,"Film-Noir, Mystery, Thriller",104 min
Cary Joji Fukunaga,"Drama, War",137 min
Cecil B. DeMille,"Adventure, Drama",220 min
Chan-wook Park,"Action, Drama, Mystery",101 min
Chan-wook Park,"Action, Drama, Thriller",110 min
Chan-wook Park,"Crime, Drama, Thriller",129 min
Chan-wook Park,"Drama, Romance, Thriller",145 min
Charles Chaplin,"Adventure, Comedy, Drama",95 min
Charles Chaplin,"Comedy, Drama, Family",87 min68 min
Charles Chaplin,"Comedy, Drama, Romance",87 min
Charles Chaplin,"Comedy, Drama, War",125 min
Charles Chaplin,"Comedy, Romance",72 min
Charles Laughton,"Crime, Drama, Film-Noir",92 min
Charles Vidor,"Drama, Film-Noir, Romance",110 min
Charlie Kaufman,Drama,124 min
Chris Columbus,"Adventure, Family, Fantasy",152 min
Chris Columbus,"Comedy, Family",103 min
Christian Carion,"Drama, History, Music",116 min
Christophe Barratier,"Drama, Music",97 min
Christopher McQuarrie,"Action, Adventure, Thriller",147 min
Christopher Miller,"Animation, Action, Adventure",100 min
Christopher Nolan,"Action, Adventure",164 min140 min
Christopher Nolan,"Action, Adventure, Sci-Fi",148 min
Christopher Nolan,"Action, Crime, Drama",152 min
Christopher Nolan,"Action, Drama, History",106 min
Christopher Nolan,"Adventure, Drama, Sci-Fi",169 min
Christopher Nolan,"Drama, Mystery, Sci-Fi",130 min
Christopher Nolan,"Mystery, Thriller",113 min
Clint Eastwood,"Action, Adventure, Drama",141 min
Clint Eastwood,"Biography, Crime, Drama",141 min
Clint Eastwood,"Crime, Drama, Mystery",138 min
Clint Eastwood,Drama,116 min
Clint Eastwood,"Drama, Romance",135 min
Clint Eastwood,"Drama, Sport",132 min
Clint Eastwood,"Drama, Western",130 min
Clint Eastwood,Western,135 min
Clyde Bruckman,"Action, Adventure, Comedy",67 min
Cristian Mungiu,Drama,113 min
Curtis Hanson,"Crime, Drama, Mystery",138 min
Cy Endfield,"Drama, History, War",138 min
Céline Sciamma,"Drama, Romance",122 min
Damien Chazelle,"Comedy, Drama, Music",128 min
Damien Chazelle,"Drama, Music",106 min
Damián Szifron,"Comedy, Drama, Thriller",122 min
Dan Gilroy,"Crime, Drama, Thriller",117 min
Daniel Monzón,"Action, Adventure, Crime",113 min
Danis Tanovic,"Comedy, Drama, War",98 min
Danny Boyle,Drama,93 min
Danny Boyle,"Drama, Horror, Sci-Fi",113 min
Danny Boyle,"Drama, Romance",120 min
Darius Marder,"Drama, Music",120 min
Darren Aronofsky,Drama,102 min
Darren Aronofsky,"Drama, Sport",109 min
Darren Aronofsky,"Drama, Thriller",108 min
David Ayer,"Action, Crime, Drama",109 min
David Cronenberg,"Action, Crime, Drama",100 min
David Fincher,"Action, Drama, Mystery",129 min
David Fincher,"Biography, Drama",120 min
David Fincher,"Crime, Drama, Mystery",127 min158 min157 min
David Fincher,Drama,139 min
David Fincher,"Drama, Fantasy, Romance",166 min
David Fincher,"Drama, Mystery, Thriller",149 min
David Lean,"Adventure, Biography, Drama",228 min
David Lean,"Adventure, Drama, War",161 min
David Lean,"Drama, Romance",86 min
David Lean,"Drama, Romance, War",197 min
David Leitch,"Action, Adventure, Comedy",119 min
David Lynch,"Biography, Drama",124 min112 min
David Lynch,"Drama, Mystery, Thriller",147 min120 min
David Lynch,"Mystery, Thriller",134 min
David Mackenzie,"Action, Crime, Drama",102 min
David Mickey Evans,"Comedy, Drama, Family",101 min
David O. Russell,"Biography, Drama, Sport",116 min
David O. Russell,"Comedy, Drama, Romance",122 min
David Yates,"Action, Adventure, Family",153 min
David Yates,"Adventure, Drama, Fantasy",130 min
David Yates,"Adventure, Family, Fantasy",146 min
David Zucker,"Comedy, Crime",85 min
Dean DeBlois,"Animation, Action, Adventure",98 min102 min
Denis Villeneuve,"Action, Crime, Drama",121 min
Denis Villeneuve,"Action, Drama, Mystery",164 min
Denis Villeneuve,"Crime, Drama, Mystery",153 min
Denis Villeneuve,"Drama, Mystery, War",131 min
Denis Villeneuve,"Drama, Sci-Fi",116 min
Deniz Gamze Ergüven,Drama,97 min
Dennis Gansel,"Drama, Thriller",107 min
Destin Daniel Cretton,"Biography, Crime, Drama",137 min
Destin Daniel Cretton,Drama,96 min
Don Hall,"Animation, Action, Adventure",102 min
Don Siegel,"Action, Biography, Crime",112 min
Don Siegel,"Action, Crime, Thriller",102 min
Don Siegel,"Drama, Horror, Sci-Fi",80 min
Dorota Kobiela,"Animation, Biography, Crime",94 min
Doug Liman,"Action, Adventure, Sci-Fi",113 min
Doug Liman,"Action, Mystery, Thriller",119 min
Duncan Jones,"Drama, Mystery, Sci-Fi",97 min
Edgar Wright,"Action, Comedy, Mystery",121 min
Edgar Wright,"Action, Crime, Drama",113 min
Edgar Wright,"Comedy, Horror",99 min
Edward Zwick,"Action, Drama",154 min
Edward Zwick,"Adventure, Drama, Thriller",143 min
Edward Zwick,"Biography, Drama, History",122 min
Elem Klimov,"Drama, Thriller, War",142 min
Elia Kazan,"Crime, Drama, Thriller",108 min
Elia Kazan,Drama,122 min118 min
Emir Kusturica,"Comedy, Crime, Drama",142 min
Emir Kusturica,"Comedy, Crime, Romance",127 min
Emir Kusturica,"Comedy, Drama, War",170 min
Eric Bress,"Drama, Sci-Fi, Thriller",113 min
Ericson Core,"Adventure, Biography, Drama",113 min
Ernst Lubitsch,"Comedy, Drama, Romance",99 min
Ernst Lubitsch,"Comedy, War",99 min
Ethan Coen,"Crime, Drama, Thriller",122 min
Ethan Coen,"Drama, Western",110 min
F. Gary Gray,"Biography, Drama, History",147 min
F.W. Murnau,"Drama, Romance",94 min
F.W. Murnau,"Fantasy, Horror",94 min
Fabián Bielinsky,"Crime, Drama, Thriller",114 min
Farhan Akhtar,"Comedy, Drama, Romance",183 min
Fatih Akin,Drama,122 min
Fatih Akin,"Drama, Romance",121 min
Federico Fellini,"Comedy, Drama",174 min
Federico Fellini,"Comedy, Drama, Family",123 min
Federico Fellini,Drama,110 min138 min108 min
Felix van Groeningen,"Drama, Music, Romance",111 min
Fernando Meirelles,"Crime, Drama",130 min
Florian Henckel von Donnersmarck,"Drama, Mystery, Thriller",137 min
Francis Ford Coppola,"Crime, Drama",175 min202 min162 min
Francis Ford Coppola,"Drama, Mystery, Thriller",113 min
Francis Ford Coppola,"Drama, Mystery, War",147 min
Francis Lee,"Drama, Romance",104 min
Francis Veber,Comedy,80 min
Frank Capra,"Comedy, Crime, Thriller",118 min
Frank Capra,"Comedy, Drama",129 min
Frank Capra,"Comedy, Romance",105 min
Frank Capra,"Drama, Family, Fantasy",130 min
Frank Darabont,"Crime, Drama, Fantasy",189 min
Frank Darabont,Drama,142 min
Frank Miller,"Crime, Thriller",124 min
Franklin J. Schaffner,"Adventure, Sci-Fi",112 min
Franklin J. Schaffner,"Biography, Crime, Drama",151 min
Franklin J. Schaffner,"Biography, Drama, War",172 min
François Truffaut,"Crime, Drama",99 min
François Truffaut,"Drama, Romance",105 min
Fred Zinnemann,"Biography, Drama, History",120 min
Fred Zinnemann,"Crime, Drama, Thriller",143 min
Fred Zinnemann,"Drama, Romance, War",118 min
Fred Zinnemann,"Drama, Thriller, Western",85 min
Fritz Lang,"Crime, Mystery, Thriller",117 min
Fritz Lang,"Drama, Sci-Fi",153 min
Gabriele Muccino,"Biography, Drama",117 min
Gabriele Muccino,Drama,123 min
Gareth Edwards,"Action, Adventure, Sci-Fi",133 min
Gareth Evans,"Action, Crime, Thriller",150 min
Gareth Evans,"Action, Thriller",101 min
Garth Davis,"Biography, Drama",118 min
Gary Trousdale,"Animation, Family, Fantasy",84 min
Gauri Shinde,"Comedy, Drama, Family",134 min
Gavin O'Connor,"Action, Drama, Sport",140 min
Gayatri,"Action, Crime, Drama",147 min
Gene Saks,Comedy,105 min
George A. Romero,"Action, Adventure, Horror",127 min
George A. Romero,"Horror, Thriller",96 min
George Cukor,"Comedy, Romance",112 min
George Cukor,"Drama, Family, Musical",170 min
George Lucas,"Action, Adventure, Fantasy",121 min
George Miller,"Action, Adventure, Sci-Fi",120 min96 min
George P. Cosmatos,"Action, Biography, Drama",130 min
George Roy Hill,"Biography, Crime, Drama",110 min
George Roy Hill,"Comedy, Crime, Drama",129 min
George Seaton,"Comedy, Drama, Family",96 min
George Sluizer,"Mystery, Thriller",107 min
George Stevens,"Drama, Western",201 min
Georges Franju,"Drama, Horror",90 min
Gillo Pontecorvo,"Drama, War",121 min
Giuseppe Tornatore,"Crime, Drama, Mystery",131 min
Giuseppe Tornatore,"Drama, Music, Romance",169 min
Giuseppe Tornatore,"Drama, Romance",155 min
Gore Verbinski,"Action, Adventure, Fantasy",143 min
Gregg Araki,Drama,105 min
Gregory Hoblit,"Crime, Drama, Mystery",129 min
Greta Gerwig,"Drama, Romance",135 min
Guillermo del Toro,"Drama, Fantasy, War",118 min
Gus Van Sant,"Drama, Romance",126 min
Guy Hamilton,"Action, Adventure, Thriller",110 min
Guy Ritchie,"Action, Adventure, Mystery",128 min
Guy Ritchie,"Action, Comedy, Crime",107 min113 min
Guy Ritchie,"Comedy, Crime",104 min
Hal Ashby,"Comedy, Drama",130 min
Hal Ashby,"Comedy, Drama, Romance",91 min
Hannes Holm,"Comedy, Drama, Romance",116 min
Harold Ramis,"Comedy, Fantasy, Romance",101 min
Hayao Miyazaki,"Animation, Action, Adventure",134 min
Hayao Miyazaki,"Animation, Adventure, Comedy",101 min94 min
Hayao Miyazaki,"Animation, Adventure, Drama",125 min103 min
Hayao Miyazaki,"Animation, Adventure, Family",125 min119 min100 min
Hayao Miyazaki,"Animation, Adventure, Fantasy",117 min
Hayao Miyazaki,"Animation, Biography, Drama",126 min
Hayao Miyazaki,"Animation, Family, Fantasy",86 min
Henri-Georges Clouzot,"Adventure, Drama, Thriller",131 min
Henri-Georges Clouzot,"Crime, Drama, Horror",117 min
Henry Koster,"Comedy, Drama, Fantasy",104 min
Henry Selick,"Animation, Drama, Family",100 min
Henry Selick,"Animation, Family, Fantasy",76 min
Hideaki Anno,"Animation, Action, Drama",87 min
Hirokazu Koreeda,"Crime, Drama",121 min
Hiromasa Yonebayashi,"Animation, Adventure, Family",94 min
Hong-jin Na,"Action, Crime, Thriller",125 min
Howard Hawks,"Action, Adventure, Drama",133 min
Howard Hawks,"Action, Crime, Drama",93 min
Howard Hawks,"Action, Drama, Western",141 min
Howard Hawks,"Adventure, Comedy, Film-Noir",100 min
Howard Hawks,"Comedy, Drama, Romance",92 min
Howard Hawks,"Comedy, Family, Romance",102 min
Howard Hawks,"Crime, Film-Noir, Mystery",114 min
Hrishikesh Mukherjee,"Drama, Musical",122 min
Imtiaz Ali,"Comedy, Drama, Romance",138 min
Imtiaz Ali,"Drama, Music, Musical",159 min
Ingmar Bergman,Drama,188 min91 min89 min
Ingmar Bergman,"Drama, Fantasy, History",96 min
Ingmar Bergman,"Drama, Music",99 min
Ingmar Bergman,"Drama, Romance",91 min
Ingmar Bergman,"Drama, Thriller",85 min
Irvin Kershner,"Action, Adventure, Fantasy",124 min
Isao Takahata,"Animation, Adventure, Drama",137 min
Isao Takahata,"Animation, Drama, Romance",118 min
Isao Takahata,"Animation, Drama, War",89 min
Ivan Reitman,"Action, Comedy, Fantasy",105 min
J. Lee Thompson,"Drama, Thriller",106 min
J.J. Abrams,"Action, Adventure, Sci-Fi",138 min127 min132 min
Jack Clayton,Horror,100 min
Jaco Van Dormael,"Drama, Fantasy, Romance",141 min
Jacques Audiard,"Crime, Drama",155 min
Jacques Tourneur,"Crime, Drama, Film-Noir",97 min
Jae-young Kwak,"Comedy, Drama, Romance",137 min
James Algar,"Animation, Family, Fantasy",125 min
James Cameron,"Action, Adventure, Fantasy",162 min
James Cameron,"Action, Adventure, Sci-Fi",137 min
James Cameron,"Action, Sci-Fi",137 min107 min
James Cameron,"Drama, Romance",194 min
James Foley,"Crime, Drama, Mystery",100 min
James Frawley,"Adventure, Comedy, Family",95 min
James Gunn,"Action, Adventure, Comedy",121 min136 min
James Ivory,"Drama, Romance",134 min
James L. Brooks,"Comedy, Drama, Romance",139 min
James Mangold,"Action, Biography, Drama",152 min
James Mangold,"Action, Crime, Drama",122 min
James Mangold,"Action, Drama, Sci-Fi",137 min
James Mangold,"Biography, Drama, Music",136 min
James Marsh,"Biography, Drama, Romance",123 min
James McTeigue,"Action, Drama, Sci-Fi",132 min
James Simone,"Animation, Drama, Family",103 min
James Wan,"Horror, Mystery, Thriller",103 min
James Whale,"Drama, Horror, Sci-Fi",75 min70 min
James Whale,"Horror, Sci-Fi",71 min
Je-kyu Kang,"Action, Drama, War",140 min
Jean Renoir,"Comedy, Drama",110 min
Jean Renoir,"Drama, War",113 min
Jean-Jacques Annaud,"Crime, Drama, Mystery",130 min
Jean-Jacques Annaud,"Drama, History, War",131 min
Jean-Luc Godard,"Crime, Drama",90 min
Jean-Luc Godard,Drama,80 min
Jean-Marc Vallée,"Biography, Drama",117 min
Jean-Marc Vallée,"Comedy, Drama",129 min
Jean-Pierre Jeunet,"Comedy, Romance",122 min
Jean-Pierre Jeunet,"Drama, Mystery, Romance",133 min
Jean-Pierre Melville,"Crime, Drama, Mystery",105 min
Jee-woon Kim,"Action, Crime, Drama",144 min
Jeethu Joseph,"Crime, Drama, Thriller",160 min
Jemaine Clement,"Comedy, Horror",86 min
Jeong-beom Lee,"Action, Crime, Drama",119 min
Jessie Nelson,Drama,132 min
Jim Abrahams,Comedy,88 min
Jim Jarmusch,"Adventure, Drama, Fantasy",121 min
Jim Jarmusch,"Comedy, Crime, Drama",107 min
Jim Jarmusch,"Comedy, Drama",129 min
Jim Sheridan,"Biography, Crime, Drama",133 min
Jim Sheridan,"Biography, Drama",103 min
Jim Sheridan,Drama,105 min
Joe Johnston,"Biography, Drama, Family",108 min
Joe Wright,"Drama, Mystery, Romance",123 min
Joe Wright,"Drama, Romance",129 min
Joel Coen,"Adventure, Comedy, Crime",107 min
Joel Coen,"Comedy, Crime, Sport",117 min
Joel Coen,"Comedy, Drama, Thriller",116 min
Joel Coen,"Crime, Drama, Thriller",98 min115 min99 min
Joel Schumacher,"Action, Crime, Drama",113 min
John Boorman,"Adventure, Drama, Thriller",109 min
John Cameron Mitchell,"Comedy, Drama, Music",95 min
John Carney,"Comedy, Drama, Music",106 min
John Carney,"Drama, Music, Romance",86 min
John Carpenter,"Horror, Mystery, Sci-Fi",109 min
John Carpenter,"Horror, Thriller",91 min
John Ford,"Adventure, Drama, Western",119 min96 min
John Ford,"Comedy, Drama, Romance",129 min
John Ford,"Drama, History",129 min
John Ford,"Drama, Western",123 min
John Frankenheimer,"Drama, Thriller",126 min
John G. Avildsen,"Drama, Sport",120 min
John Hughes,Comedy,103 min
John Hughes,"Comedy, Drama",97 min93 min
John Huston,"Action, Crime, Drama",100 min
John Huston,"Adventure, Drama, Romance",105 min
John Huston,"Adventure, Drama, Western",126 min
John Huston,"Adventure, History, War",129 min
John Huston,"Film-Noir, Mystery",100 min
John Landis,"Action, Adventure, Comedy",133 min
John Lasseter,"Animation, Adventure, Comedy",81 min92 min
John Lee Hancock,"Biography, Drama, Sport",129 min
John McTiernan,"Action, Adventure, Sci-Fi",107 min
John McTiernan,"Action, Adventure, Thriller",128 min
John McTiernan,"Action, Thriller",132 min
John Schlesinger,Drama,113 min
John Singleton,"Crime, Drama",112 min
John Sturges,"Action, Adventure, Western",128 min
John Sturges,"Adventure, Drama, History",172 min
John Woo,"Action, Crime, Drama",111 min
John Woo,"Action, Crime, Thriller",128 min
Jon Avnet,Drama,130 min
Jon Favreau,"Action, Adventure, Sci-Fi",126 min
Jonathan Dayton,"Comedy, Drama",101 min
Jonathan Demme,"Crime, Drama, Thriller",118 min
Jonathan Demme,Drama,125 min
Jonathan Levine,"Comedy, Drama, Romance",100 min
Jonathan Lynn,"Comedy, Crime",120 min
Jordan Peele,"Horror, Mystery, Thriller",104 min
Joseph Kosinski,"Action, Biography, Drama",134 min
Joseph L. Mankiewicz,Drama,138 min
Joseph L. Mankiewicz,"Mystery, Thriller",138 min
Joseph Sargent,"Action, Crime, Thriller",104 min
Josh Boone,"Drama, Romance",126 min
Josh Cooley,"Animation, Adventure, Comedy",100 min
Joss Whedon,"Action, Adventure, Sci-Fi",143 min119 min
José Padilha,"Action, Crime, Drama",115 min115 min
Juan José Campanella,"Drama, Mystery, Romance",129 min
Jules Dassin,"Crime, Drama, Thriller",118 min
Julian Schnabel,"Biography, Drama",112 min
Kabir Khan,"Action, Adventure, Comedy",163 min
Kaige Chen,"Drama, Music, Romance",171 min
Kar-Wai Wong,"Comedy, Crime, Drama",102 min99 min
Kar-Wai Wong,"Drama, Romance",98 min
Karan Johar,Drama,165 min
Katsuhiro Ôtomo,"Animation, Action, Sci-Fi",124 min
Ken Annakin,"Action, Drama, History",178 min
Ken Loach,Drama,100 min
Kenneth Branagh,Drama,242 min
Kenneth Lonergan,Drama,137 min
Kevin Altieri,"Animation, Action, Crime",76 min
Kevin Costner,"Adventure, Drama, Western",181 min
Kevin Macdonald,"Biography, Drama, History",123 min
Kevin Reynolds,"Action, Adventure, Drama",131 min
Kevin Smith,Comedy,92 min
Ki-duk Kim,"Crime, Drama, Romance",88 min
Ki-duk Kim,"Drama, Romance",103 min
Kinji Fukasaku,"Action, Adventure, Drama",114 min
Krzysztof Kieslowski,"Comedy, Drama, Romance",92 min
Krzysztof Kieslowski,"Drama, Fantasy, Music",98 min
Krzysztof Kieslowski,"Drama, Music, Mystery",94 min
Krzysztof Kieslowski,"Drama, Mystery, Romance",99 min
Lana Wachowski,"Action, Sci-Fi",136 min
Lars von Trier,"Crime, Drama",178 min
Lars von Trier,"Crime, Drama, Musical",140 min
Lars von Trier,Drama,159 min
Lasse Hallström,"Biography, Drama, Family",93 min
Lasse Hallström,Drama,118 min
Lee Tamahori,"Crime, Drama",102 min
Lee Unkrich,"Animation, Adventure, Comedy",103 min
Lee Unkrich,"Animation, Adventure, Family",105 min
Lenny Abrahamson,"Drama, Thriller",118 min
Leo McCarey,"Comedy, Musical, War",69 min
Levent Semerci,"Action, Drama, Thriller",128 min
Lewis Milestone,"Drama, War",152 min
Louis Malle,"Drama, War",104 min
Luc Besson,"Action, Adventure, Sci-Fi",126 min
Luc Besson,"Action, Crime, Drama",110 min
Luca Guadagnino,"Drama, Romance",132 min
Luis Buñuel,Comedy,102 min
Luis Buñuel,"Drama, Fantasy",95 min
Luis Buñuel,"Drama, Romance",100 min
Lukas Moodysson,"Crime, Drama",109 min
M. Night Shyamalan,"Drama, Mystery, Thriller",107 min
Majid Majidi,"Drama, Family, Sport",89 min
Makoto Shinkai,"Animation, Drama, Fantasy",106 min
Mamoru Hosoda,"Animation, Adventure, Comedy",98 min
Mamoru Hosoda,"Animation, Drama, Fantasy",117 min
Mamoru Oshii,"Animation, Action, Crime",83 min
Marc Caro,"Comedy, Crime",99 min
Marc Forster,"Biography, Drama, Family",106 min
Marc Webb,"Comedy, Drama, Romance",95 min
Marc Webb,Drama,101 min
Mark Herman,"Drama, History, War",94 min
Mark Osborne,"Animation, Adventure, Drama",108 min
Mark Rydell,Drama,109 min
Martin Brest,Drama,156 min
Martin Campbell,"Action, Adventure, Thriller",144 min
Martin McDonagh,"Comedy, Crime, Drama",115 min107 min
Martin Rosen,"Animation, Adventure, Drama",91 min
Martin Scorsese,"Biography, Crime, Drama",146 min180 min209 min
Martin Scorsese,"Biography, Drama, Sport",129 min
Martin Scorsese,"Comedy, Crime, Drama",109 min97 min
Martin Scorsese,"Crime, Drama",114 min178 min
Martin Scorsese,"Crime, Drama, Thriller",151 min
Martin Scorsese,"Mystery, Thriller",138 min
Martin Zandvliet,"Drama, History, War",100 min
Mary Harron,"Comedy, Crime, Drama",101 min
Masaki Kobayashi,"Action, Drama, Mystery",133 min
Mathieu Kassovitz,"Crime, Drama",98 min
Matt Reeves,"Action, Adventure, Drama",130 min
Matt Ross,"Comedy, Drama",118 min
Matthew Vaughn,"Action, Adventure, Comedy",129 min
Matthew Vaughn,"Action, Adventure, Sci-Fi",131 min
Matthew Vaughn,"Action, Comedy, Crime",117 min
Matthew Vaughn,"Adventure, Family, Fantasy",127 min
Matthew Warchus,"Biography, Comedy, Drama",119 min
Meghna Gulzar,"Action, Drama, Thriller",138 min
Meghna Gulzar,"Crime, Drama, Mystery",132 min
Mehmet Ada Öztekin,Drama,132 min
Mel Brooks,Comedy,106 min
Mel Brooks,"Comedy, Western",93 min
Mel Gibson,"Action, Adventure, Drama",139 min
Mel Gibson,"Biography, Drama, History",178 min139 min
Mel Stuart,"Family, Fantasy, Musical",100 min
Merian C. Cooper,"Adventure, Horror, Sci-Fi",100 min
Michael Cimino,"Drama, War",183 min
Michael Curtiz,"Action, Adventure, Romance",102 min
Michael Curtiz,"Drama, Romance, War",102 min
Michael Haneke,"Crime, Drama, Thriller",108 min
Michael Haneke,"Drama, History, Mystery",144 min
Michael Haneke,"Drama, Romance",127 min
Michael Mann,"Action, Adventure, Drama",112 min
Michael Mann,"Biography, Drama, Thriller",157 min
Michael Mann,"Crime, Drama, Thriller",170 min
Michael Powell,"Drama, Horror, Thriller",101 min
Michael Powell,"Drama, Music, Romance",135 min
Michael Radford,"Biography, Comedy, Drama",108 min
Michel Gondry,"Drama, Romance, Sci-Fi",108 min
Michel Hazanavicius,"Comedy, Drama, Romance",100 min
Michelangelo Antonioni,"Drama, Mystery",144 min
Michelangelo Antonioni,"Drama, Mystery, Thriller",111 min
Mikael Håfström,Drama,113 min
Mike Judge,Comedy,89 min
Mike Leigh,"Comedy, Drama",136 min132 min
Mike Newell,"Adventure, Family, Fantasy",157 min
Mike Newell,"Biography, Crime, Drama",127 min
Mike Nichols,"Comedy, Drama, Romance",106 min
Mike Nichols,Drama,131 min
Milos Forman,"Biography, Drama, History",160 min
Milos Forman,Drama,133 min
Morten Tyldum,"Biography, Drama, Thriller",114 min
Moustapha Akkad,"Biography, Drama, History",177 min
Mukesh Chhabra,"Comedy, Drama, Romance",101 min
Nadine Labaki,Drama,126 min
Naoko Yamada,"Animation, Drama, Family",130 min
Nathan Greno,"Animation, Adventure, Comedy",100 min
Neeraj Pandey,"Action, Crime, Drama",104 min
Neeraj Pandey,"Action, Crime, Thriller",159 min
Neeraj Pandey,"Biography, Drama, Sport",184 min
Neeraj Pandey,"Crime, Drama, Thriller",144 min
Neil Burger,"Drama, Fantasy, Mystery",110 min
Neill Blomkamp,"Action, Sci-Fi, Thriller",112 min
Nicholas Meyer,"Action, Adventure, Sci-Fi",113 min
Nicholas Ray,Drama,111 min
Nicholas Ray,"Drama, Film-Noir, Mystery",94 min
Nick Cassavetes,"Drama, Romance",123 min
Nicolas Winding Refn,"Crime, Drama",100 min
Niels Arden Oplev,"Crime, Drama, Mystery",152 min
Nikkhil Advani,"Comedy, Drama, Musical",186 min
Nishikant Kamat,"Crime, Drama, Mystery",163 min
Nitesh Tiwari,"Action, Biography, Drama",161 min
Nitesh Tiwari,"Comedy, Drama",143 min
Noah Baumbach,"Comedy, Drama, Romance",137 min
Norman Jewison,"Biography, Drama, Sport",146 min
Norman Jewison,"Crime, Drama, Mystery",110 min
Norman Jewison,"Drama, Family, Musical",181 min
Nuri Bilge Ceylan,"Crime, Drama",157 min
Nuri Bilge Ceylan,Drama,196 min
Oliver Hirschbiegel,"Biography, Drama, History",156 min
Oliver Hirschbiegel,"Drama, Thriller",120 min
Oliver Stone,"Drama, History, Thriller",189 min
Oliver Stone,"Drama, War",120 min
Olivier Dahan,"Biography, Drama, Music",140 min
Olivier Nakache,"Biography, Comedy, Drama",112 min
Oriol Paulo,"Crime, Drama, Mystery",106 min
Oriol Paulo,"Mystery, Thriller",112 min
Orson Welles,"Crime, Drama, Film-Noir",95 min
Orson Welles,"Drama, Mystery",119 min
Otto Preminger,"Crime, Drama, Mystery",161 min
Otto Preminger,"Drama, Film-Noir, Mystery",88 min
Paolo Genovese,"Comedy, Drama",96 min
Paolo Sorrentino,Drama,141 min
Paul Greengrass,"Action, Mystery, Thriller",115 min108 min
Paul Greengrass,"Adventure, Biography, Crime",134 min
Paul Haggis,"Crime, Drama, Thriller",112 min
Paul King,"Adventure, Comedy, Family",103 min
Paul McGuigan,"Action, Crime, Drama",110 min
Paul Thomas Anderson,Drama,158 min188 min155 min
Paul Verhoeven,"Drama, Thriller, War",145 min
Pedro Almodóvar,Drama,101 min
Pedro Almodóvar,"Drama, Horror, Thriller",120 min
Pedro Almodóvar,"Drama, Mystery, Romance",112 min
Penny Marshall,"Biography, Drama",121 min
Pete Docter,"Animation, Adventure, Comedy",96 min100 min95 min92 min
Peter Bogdanovich,"Comedy, Crime, Drama",102 min
Peter Bogdanovich,"Drama, Romance",118 min
Peter Farrelly,"Biography, Comedy, Drama",130 min
Peter Jackson,"Action, Adventure, Drama",201 min178 min179 min
Peter Jackson,"Adventure, Fantasy",161 min169 min
Peter Mullan,Drama,114 min
Peter Weir,"Comedy, Drama",103 min128 min
Philip Kaufman,"Adventure, Biography, Drama",193 min
Pierre Coffin,"Animation, Comedy, Crime",95 min
Pierre Morel,"Action, Thriller",90 min
Prashanth Neel,"Action, Drama",156 min
Priyadarshan,"Action, Comedy, Crime",156 min
Quentin Tarantino,"Action, Crime, Drama",111 min
Quentin Tarantino,"Action, Crime, Thriller",137 min
Quentin Tarantino,"Adventure, Drama, War",153 min
Quentin Tarantino,"Comedy, Drama",161 min
Quentin Tarantino,"Crime, Drama",154 min
Quentin Tarantino,"Crime, Drama, Mystery",168 min
Quentin Tarantino,"Crime, Drama, Thriller",99 min
Quentin Tarantino,"Drama, Western",165 min
Rahi Anil Barve,"Drama, Fantasy, Horror",104 min
Raja Menon,"Drama, History",130 min
Rajkumar Hirani,"Comedy, Drama",170 min
Rajkumar Hirani,"Comedy, Drama, Musical",153 min156 min
Rajkumar Hirani,"Comedy, Drama, Romance",144 min
Rajkumar Santoshi,"Action, Comedy, Romance",160 min
Rakeysh Omprakash Mehra,"Biography, Drama, Sport",186 min
Rakeysh Omprakash Mehra,"Comedy, Crime, Drama",167 min
Ramesh Sippy,"Action, Adventure, Comedy",204 min
Raoul Walsh,"Action, Crime, Drama",114 min
René Laloux,"Animation, Sci-Fi",72 min
Rian Johnson,"Comedy, Crime, Drama",130 min
Rich Moore,"Animation, Adventure, Comedy",101 min
Richard Attenborough,"Biography, Drama, History",191 min
Richard Brooks,Drama,108 min
Richard Curtis,"Comedy, Drama, Fantasy",123 min
Richard Donner,"Action, Crime, Thriller",109 min
Richard Donner,"Adventure, Comedy, Family",114 min
Richard Kelly,"Drama, Mystery, Sci-Fi",113 min
Richard Lester,"Comedy, Music, Musical",87 min
Richard Linklater,"Animation, Drama, Fantasy",99 min
Richard Linklater,Comedy,102 min
Richard Linklater,Drama,165 min
Richard Linklater,"Drama, Romance",80 min101 min109 min
Richard Marquand,"Action, Adventure, Fantasy",131 min
Richard Schenkman,"Drama, Fantasy, Mystery",87 min
Ridley Scott,"Action, Adventure, Drama",155 min
Ridley Scott,"Action, Sci-Fi, Thriller",117 min
Ridley Scott,"Adventure, Drama, Sci-Fi",144 min
Ridley Scott,"Biography, Crime, Drama",157 min
Ridley Scott,"Drama, History, War",144 min
Ridley Scott,"Horror, Sci-Fi",117 min
Ritesh Batra,"Drama, Romance",104 min
Rob Reiner,"Adventure, Drama",89 min
Rob Reiner,"Adventure, Family, Fantasy",98 min
Rob Reiner,"Comedy, Drama, Romance",90 min95 min
Rob Reiner,"Comedy, Music",82 min
Rob Reiner,"Drama, Thriller",107 min138 min
Robert Aldrich,"Action, Adventure, War",150 min
Robert Aldrich,"Drama, Horror, Thriller",134 min
Robert Altman,"Comedy, Crime, Drama",112 min
Robert Altman,"Comedy, Drama",188 min
Robert Benton,Drama,105 min
Robert Clouse,"Action, Crime, Drama",102 min
Robert De Niro,"Crime, Drama, Romance",121 min
Robert Hamer,"Comedy, Crime",106 min
Robert Mulligan,"Crime, Drama",129 min
Robert Redford,Drama,124 min
Robert Rossen,"Drama, Sport",134 min
Robert Stevenson,"Comedy, Family, Fantasy",139 min
Robert Wiene,"Fantasy, Horror, Mystery",76 min
Robert Wise,"Biography, Drama, Family",172 min
Robert Wise,"Drama, Sci-Fi",92 min
Robert Zemeckis,"Adventure, Comedy, Sci-Fi",116 min108 min
Robert Zemeckis,"Adventure, Drama, Romance",143 min
Robert Zemeckis,"Animation, Adventure, Comedy",104 min
Robert Zemeckis,"Drama, Romance",142 min
Roberto Benigni,"Comedy, Drama, Romance",116 min
Roger Allers,"Animation, Adventure, Drama",88 min
Roger Donaldson,"Biography, Drama, Sport",127 min
Roland Joffé,"Biography, Drama, History",141 min
Roman Polanski,"Biography, Drama, Music",150 min
Roman Polanski,"Drama, Horror",137 min
Roman Polanski,"Drama, Horror, Thriller",105 min
Roman Polanski,"Drama, Mystery, Thriller",130 min
Roman Polanski,"Drama, Thriller",126 min
Ron Clements,"Animation, Adventure, Comedy",90 min107 min
Ron Clements,"Animation, Family, Fantasy",83 min
Ron Howard,"Action, Biography, Drama",123 min
Ron Howard,"Adventure, Drama, History",140 min
Ron Howard,"Biography, Drama",135 min
Ron Howard,"Biography, Drama, History",144 min122 min
Ronny Yu,"Action, Biography, Drama",104 min
Ruben Fleischer,"Adventure, Comedy, Fantasy",88 min
Ryan Coogler,"Drama, Sport",133 min
S.S. Rajamouli,"Action, Drama",167 min159 min
Sam Mendes,"Action, Adventure, Thriller",143 min
Sam Mendes,"Crime, Drama, Thriller",117 min
Sam Mendes,Drama,122 min
Sam Mendes,"Drama, Thriller, War",119 min
Sam Peckinpah,"Action, Adventure, Western",145 min
Sam Raimi,"Action, Comedy, Fantasy",84 min
Sam Wood,"Comedy, Music, Musical",96 min
Sanjay Leela Bhansali,Drama,122 min
Satoshi Kon,"Animation, Adventure, Comedy",90 min
Satoshi Kon,"Animation, Crime, Mystery",81 min
Satoshi Kon,"Animation, Drama, Fantasy",90 min
Scott Hicks,"Biography, Drama, Music",105 min
Sean Baker,Drama,111 min
Sean Penn,"Adventure, Biography, Drama",148 min
Sebastian Schipper,"Crime, Drama, Romance",138 min
Sergei M. Eisenstein,"Drama, History, Thriller",75 min
Sergio Leone,"Action, Drama, Western",99 min
Sergio Leone,"Crime, Drama",229 min
Sergio Leone,"Drama, War, Western",157 min
Sergio Leone,Western,161 min165 min132 min
Sergio Pablos,"Animation, Adventure, Comedy",96 min
Shane Meadows,"Crime, Drama",101 min
Shane Meadows,"Crime, Drama, Thriller",90 min
Shimit Amin,"Drama, Family, Sport",153 min
Shin'ichirô Watanabe,"Animation, Action, Crime",115 min
Shoojit Sircar,"Comedy, Romance",126 min
Shûsuke Kaneko,"Crime, Drama, Fantasy",126 min
Sidney Lumet,"Biography, Crime, Drama",125 min130 min
Sidney Lumet,"Crime, Drama",96 min
Sidney Lumet,Drama,121 min129 min
Sofia Coppola,"Comedy, Drama",102 min
Spike Jonze,"Comedy, Drama",115 min
Spike Jonze,"Comedy, Drama, Fantasy",113 min
Spike Jonze,"Drama, Romance, Sci-Fi",126 min
Spike Lee,"Biography, Drama, History",202 min
Spike Lee,"Comedy, Drama",120 min
Spike Lee,"Crime, Drama, Mystery",129 min
Spike Lee,Drama,135 min
Sriram Raghavan,"Crime, Drama, Music",139 min
Stanley Donen,"Comedy, Musical, Romance",103 min
Stanley Donen,"Comedy, Mystery, Romance",113 min
Stanley Kramer,"Biography, Drama, History",128 min
Stanley Kramer,"Comedy, Drama",108 min
Stanley Kramer,"Drama, War",179 min
Stanley Kubrick,"Adventure, Biography, Drama",197 min
Stanley Kubrick,"Adventure, Drama, History",185 min
Stanley Kubrick,"Adventure, Sci-Fi",149 min
Stanley Kubrick,Comedy,95 min
Stanley Kubrick,"Crime, Drama, Film-Noir",84 min
Stanley Kubrick,"Crime, Drama, Sci-Fi",136 min
Stanley Kubrick,"Drama, Horror",146 min
Stanley Kubrick,"Drama, War",88 min116 min
Stephen Chbosky,"Drama, Family",113 min
Stephen Chbosky,"Drama, Romance",103 min
Stephen Chow,"Action, Comedy, Fantasy",99 min
Stephen Daldry,"Drama, Music",110 min
Stephen Frears,"Biography, Comedy, Drama",98 min
Steve McQueen,"Biography, Drama, History",134 min
Steven Soderbergh,"Crime, Thriller",116 min
Steven Spielberg,"Action, Adventure",115 min127 min
Steven Spielberg,"Action, Adventure, Sci-Fi",127 min
Steven Spielberg,"Action, Crime, Mystery",145 min
Steven Spielberg,"Action, Drama, History",153 min
Steven Spielberg,"Adventure, Thriller",124 min
Steven Spielberg,"Biography, Crime, Drama",141 min
Steven Spielberg,"Biography, Drama, History",195 min
Steven Spielberg,Drama,154 min
Steven Spielberg,"Drama, History, Thriller",142 min
Steven Spielberg,"Drama, Sci-Fi",138 min
Steven Spielberg,"Drama, War",169 min
Steven Spielberg,"Family, Sci-Fi",115 min
Stuart Rosenberg,"Crime, Drama",127 min
Sudha Kongara,Drama,153 min
Sujoy Ghosh,"Mystery, Thriller",122 min
Susanne Bier,Drama,120 min
Susanne Bier,"Drama, Romance",118 min
Sylvain Chomet,"Animation, Comedy, Drama",80 min
Taika Waititi,"Action, Adventure, Comedy",130 min
Taika Waititi,"Adventure, Comedy, Drama",101 min
Taika Waititi,"Comedy, Drama, War",108 min
Takeshi Kitano,"Crime, Drama, Romance",103 min
Tarsem Singh,"Adventure, Drama, Fantasy",117 min
Tate Taylor,Drama,146 min
Taylor Hackford,"Biography, Drama, Music",152 min
Taylor Hackford,"Crime, Drama",180 min
Taylor Sheridan,"Crime, Drama, Mystery",107 min
Ted Demme,"Biography, Crime, Drama",124 min
Ted Kotcheff,"Action, Adventure",93 min
Terence Young,Thriller,108 min
Terrence Malick,"Action, Crime, Drama",94 min
Terrence Malick,"Drama, Romance",94 min
Terrence Malick,"Drama, War",170 min
Terry George,"Biography, Drama, History",121 min
Terry Gilliam,"Adventure, Comedy, Drama",118 min
Terry Gilliam,"Adventure, Comedy, Fantasy",91 min
Terry Gilliam,"Drama, Sci-Fi",132 min
Terry Gilliam,"Mystery, Sci-Fi, Thriller",129 min
Terry Jones,Comedy,94 min
Tetsuya Nakashima,"Drama, Thriller",106 min
Theodore Melfi,"Biography, Drama, History",127 min
Thomas Jahn,"Action, Crime, Comedy",87 min
Thomas Kail,"Biography, Drama, History",160 min
Thomas Vinterberg,"Comedy, Drama",117 min
Thomas Vinterberg,Drama,115 min105 min
Tigmanshu Dhulia,"Action, Biography, Crime",135 min
Tim Burton,"Adventure, Drama, Fantasy",125 min
Tim Burton,"Biography, Comedy, Drama",127 min
Tim Burton,"Drama, Fantasy, Romance",105 min
Tim Miller,"Action, Adventure, Comedy",108 min
Tod Browning,"Drama, Horror",64 min
Todd Haynes,"Biography, Drama, History",126 min
Todd Phillips,Comedy,100 min
Todd Phillips,"Crime, Drama, Thriller",122 min
Todd Solondz,"Comedy, Drama",134 min
Tom Hooper,"Biography, Drama, History",118 min
Tom McCarthy,"Biography, Crime, Drama",129 min
Tom McCarthy,"Comedy, Drama",89 min
Tom McCarthy,Drama,104 min
Tom Tykwer,"Crime, Drama, Thriller",81 min
Tomas Alfredson,"Crime, Drama, Fantasy",114 min
Tomm Moore,"Animation, Adventure, Drama",93 min
Tomm Moore,"Animation, Adventure, Family",71 min
Tony Bancroft,"Animation, Adventure, Family",88 min
Tony Kaye,Drama,119 min98 min
Tony Scott,"Action, Crime, Drama",146 min
Tony Scott,"Crime, Drama, Romance",119 min
Travis Knight,"Animation, Action, Adventure",101 min
Trey Parker,"Animation, Comedy, Fantasy",81 min
Troy Duffy,"Action, Crime, Thriller",108 min
Tyler Nilson,"Adventure, Comedy, Drama",97 min
Umesh Shukla,"Comedy, Drama, Fantasy",125 min
Victor Fleming,"Adventure, Family, Fantasy",102 min
Victor Fleming,"Drama, History, Romance",238 min
Vikas Bahl,"Adventure, Comedy, Drama",146 min
Vikramaditya Motwane,Drama,134 min
Vincent Paronnaud,"Animation, Biography, Drama",96 min
Vishal Bhardwaj,"Action, Crime, Drama",160 min
Vittorio De Sica,Drama,89 min
W.S. Van Dyke,"Comedy, Crime, Mystery",91 min
Walter Hill,"Action, Crime, Thriller",92 min
Walter Salles,"Adventure, Biography, Drama",126 min
Walter Salles,Drama,110 min
Werner Herzog,"Action, Adventure, Biography",95 min
Werner Herzog,"Adventure, Drama",158 min
Wes Anderson,"Adventure, Comedy, Crime",99 min
Wes Anderson,"Animation, Adventure, Comedy",101 min87 min
Wes Anderson,"Comedy, Drama",110 min
Wes Anderson,"Comedy, Drama, Romance",94 min93 min
William Friedkin,"Action, Crime, Drama",104 min
William Friedkin,Horror,122 min
William Wyler,"Adventure, Drama, History",212 min
William Wyler,"Comedy, Romance",118 min
William Wyler,"Drama, Romance, War",170 min
Wilson Yip,"Action, Biography, Drama",106 min
Wim Wenders,Drama,145 min
Wim Wenders,"Drama, Fantasy, Romance",128 min
Wolfgang Becker,"Comedy, Drama, Romance",121 min
Wolfgang Petersen,"Adventure, Drama, Thriller",149 min
Wolfgang Reitherman,"Animation, Adventure, Family",78 min
Woody Allen,Comedy,79 min
Woody Allen,"Comedy, Drama",104 min107 min
Woody Allen,"Comedy, Drama, Romance",96 min
Woody Allen,"Comedy, Fantasy, Romance",96 min82 min
Woody Allen,"Comedy, Romance",93 min
Woody Allen,"Comedy, War",85 min
Woody Allen,"Drama, Romance, Thriller",124 min
Xavier Dolan,Drama,139 min
Yann Samuell,"Comedy, Drama, Romance",93 min
Yash Chopra,"Drama, Family, Musical",192 min
Yasujirô Ozu,Drama,136 min
Yavuz Turgul,"Crime, Drama, Thriller",128 min
Yilmaz Erdogan,"Comedy, Drama",110 min
Yimou Zhang,"Action, Adventure, History",120 min
Yimou Zhang,"Drama, History, Romance",125 min
Yoshiaki Kawajiri,"Animation, Action, Adventure",94 min
Yoshiaki Kawajiri,"Animation, Action, Fantasy",103 min
Yoshifumi Kondô,"Animation, Drama, Family",111 min
Yôjirô Takita,"Drama, Music",130 min
Zack Snyder,"Action, Drama",117 min
Zack Snyder,"Action, Drama, Mystery",162 min
Zaza Urushadze,"Drama, War",87 min
Zoya Akhtar,"Comedy, Drama",155 min
Zoya Akhtar,"Drama, Music, Romance",154 min
Çagan Irmak,"Drama, Family",112 min
Ömer Faruk Sorak,"Adventure, Comedy, Sci-Fi",127 min
